"UserID";"User_Type";"Password";"Name_User";"SubscriptionID";"Payment_ID"
1;"Customer";"pass123";"John Doe";"A12345";0
2;"Seller";"sellerpass";"Alice Smith";"B67890";0
3;"Customer";"customerpass";"Bob Johnson";"C54321";0
4;"Seller";"pass456";"Eva Davis";"D98765";0
5;"Customer";"password123";"Charlie Brown";"E23456";0
6;"Seller";"seller123";"Sophie White";"F78901";0
7;"Customer";"pass789";"David Lee";"G65432";0
8;"Seller";"sellerpass789";"Emma Taylor";"H10987";0
9;"Customer";"customer789";"Frank Thomas";"I87654";0
10;"Seller";"pass789seller";"Grace Martin";"J32109";0
41;"Customer";"customerpass1";"Liam Johnson";"Y87654";0
42;"Seller";"sellerpass1";"Zoe Anderson";"Z32109";0
43;"Customer";"pass1234";"Mia Williams";"1A2345";0
44;"Seller";"seller1234";"Noah Smith";"2B7890";0
45;"Customer";"customerpass123";"Olivia Davis";"3C4321";0
46;"Seller";"pass456seller";"Parker Brown";"4D8765";0
47;"Customer";"password1234";"Quinn Johnson";"5E3456";0
48;"Seller";"seller12345";"Riley White";"6F8901";0
49;"Customer";"pass789user";"Samuel Lee";"7G5432";0
50;"Seller";"sellerpass7891";"Tessa Taylor";"8H0987";0
51;"Customer";"pass123";"John Doe";"27WZ4321";0
52;"Seller";"sellerpass";"Alice Smith";"28ZX8765";0
53;"Customer";"customerpass";"Bob Johnson";"29Y9876A";0
54;"Seller";"pass456";"Eva Davis";"30Z1234B";0
55;"Customer";"password123";"Charlie Brown";"31A5678C";0
56;"Seller";"seller123";"Sophie White";"32B9012D";0
57;"Customer";"pass789";"David Lee";"33C3456E";0
58;"Seller";"sellerpass789";"Emma Taylor";"34D7890F";0
59;"Customer";"customer789";"Frank Thomas";"35E2109G";0
60;"Seller";"pass789seller";"Grace Martin";"36F6543H";0
81;"Customer";"customerpass1";"Liam Johnson";"47G4321I";0
82;"Seller";"sellerpass1";"Zoe Anderson";"48H8765J";0
83;"Customer";"pass1234";"Mia Williams";"49I1234K";0
84;"Seller";"seller1234";"Noah Smith";"50J7890L";0
85;"Customer";"customerpass123";"Olivia Davis";"51K4321M";0
86;"Seller";"pass456seller";"Parker Brown";"52L8765N";0
87;"Customer";"password1234";"Quinn Johnson";"53M3456O";0
88;"Seller";"seller12345";"Riley White";"54N8901P";0
89;"Customer";"pass789user";"Samuel Lee";"55O5432Q";0
90;"Seller";"sellerpass7891";"Tessa Taylor";"56P0987R";0
121;"Customer";"pass123";"John Doe";"58R2109T";0
122;"Seller";"sellerpass";"Alice Smith";"59S7654U";0
123;"Customer";"customerpass";"Bob Johnson";"60T2109V";0
124;"Seller";"pass456";"Eva Davis";"61U8765W";0
125;"Customer";"password123";"Charlie Brown";"62V4321X";0
126;"Seller";"seller123";"Sophie White";"63W9876Y";0
127;"Customer";"pass789";"David Lee";"64X4321Z";0
128;"Seller";"sellerpass789";"Emma Taylor";"65Y76541A";0
129;"Customer";"customer789";"Frank Thomas";"66Z21091B";0
130;"Seller";"pass789seller";"Grace Martin";"67A4321C";0
141;"Customer";"customerpass1";"Liam Johnson";"78B87651D";0
142;"Seller";"sellerpass1";"Zoe Anderson";"79C4321E";0
143;"Customer";"pass1234";"Mia Williams";"80D87651F";0
144;"Seller";"seller1234";"Noah Smith";"81E21091G";0
145;"Customer";"customerpass123";"Olivia Davis";"82F7654H";0
146;"Seller";"pass456seller";"Parker Brown";"83G21091I";0
147;"Customer";"password1234";"Quinn Johnson";"84H7654J";0
148;"Seller";"seller12345";"Riley White";"85I21091K";0
149;"Customer";"pass789user";"Samuel Lee";"86J7654L";0
150;"Seller";"sellerpass7891";"Tessa Taylor";"87K4321M";0
